title,author
Theo of Golden: A Novel,Allen Levi
A Tale of Two Cities: The Audible Dickens Collection,"Charles Dickens, Simon Callow - introduction"
Streetwise: Getting to and Through Goldman Sachs,Lloyd Blankfein
How to Be a Great Boss,"Gino Wickman, René Boer"
"Ready, Fire, Aim: Zero to $100 Million in No Time Flat",Michael Masterson
No Rules Rules: Netflix and the Culture of Reinvention,"Reed Hastings, Erin Meyer"
Tribe of Mentors: Short Life Advice from the Best in the World,Tim Ferriss
The Founder's Dilemmas,Noam Wasserman
"The 4-Hour Workweek: Escape 9-5, Live Anywhere, and Join the New Rich (Expanded and Updated)",Timothy Ferriss
The Startup Owner's Manual: The Step-by-Step Guide for Building a Great Company,"Steve Blank, Bob Dorf"
The Four Steps to the Epiphany,Steve Blank
"The Upside of Stress: Why Stress Is Good for You, and How to Get Good at It",Kelly McGonigal PhD
The JOLT Effect: How High Performers Overcome Customer Indecision,"Matthew Dixon, Ted McKenna"
Crucial Conversations (Third Edition): Tools for Talking When Stakes Are High,"Joseph Grenny, Kerry Patterson, Ron McMillan, Al Switzler, Emily Gregory"
"Obviously Awesome: How to Nail Product Positioning so Customers Get It, Buy It, Love It",April Dunford
The Challenger Customer: Selling to the Hidden Influencer Who Can Multiply Your Results,"Brent Adamson, Matthew Dixon, Pat Spenner, Nick Toman"
Who: The A Method for Hiring,"Geoff Smart, Randy Street"
People Follow You: The Real Secret to What Matters Most in Leadership,Jeb Blount
High Output Management,Andrew S. Grove
The Qualified Sales Leader: Proven Lessons from a Five Time CRO,John McMahon
Cold Calling Sucks (and That's Why It Works): A Step-by-Step Guide to Calling Strangers in Sales,"Armand Farrokh, Nick Cegelski"
$100M Leads: How to Get Strangers to Want to Buy Your Stuff,Alex Hormozi
$100M Offers: How to Make Offers So Good People Feel Stupid Saying No,Alex Hormozi
"Gap Selling: Getting the Customer to Yes: How Problem-Centric Selling Increases Sales by Changing Everything You Know About Relationships, Overcoming Objections, Closing and Price",Keenan
Exactly What to Say: The Magic Words for Influence and Impact,Phil M. Jones
The Sales Development Playbook: Build Repeatable Pipeline and Accelerate Growth with Inside Sales,Trish Bertuzzi
The Psychology of Selling: Increase Your Sales Faster and Easier Than You Ever Thought Possible,Brian Tracy
Coaching Salespeople into Sales Champions: A Tactical Playbook for Managers and Executives,Keith Rosen
SPIN Selling,Neil Rackham
Cracking the Sales Management Code: The Secrets to Measuring and Managing Sales Performance,"Jason Jordan, Michelle Vazzana"
"Influence, New and Expanded: The Psychology of Persuasion",Robert B. Cialdini
Service: A Navy SEAL at War,"Marcus Luttrell, James D. Hornfischer"
I Hate the Ivy League: Riffs and Rants on Elite Education,Malcolm Gladwell
"Freemium: How Zoom, HubSPot, Atlassian, and Other Top Companies Use Product-Led Growth...For Low-Cost Customer Acquisition and Expansion",Dave Boyce
The Key to the Keystone: How Apocryphal Texts Unlock the Book of Mormon's Brass Plates,Jonah R. Barnes
Poor Charlie’s Almanack: The Essential Wit and Wisdom of Charles T. Munger,Charles T. Munger
Defenders of the West: The Christian Heroes Who Stood Against Islam,Raymond Ibrahim
Sword and Scimitar: Fourteen Centuries of War between Islam and the West,"Raymond Ibrahim, Victor Davis Hanson - foreword"
Reconstruction: The Unfinished Promise,"Malcolm Gladwell, Barack Obama"
The Emerald Mile: The Epic Story of the Fastest Ride in History Through the Heart of the Grand Canyon,Kevin Fedarko
Play Nice But Win: A CEO's Journey from Founder to Leader,"Michael Dell, James Kaplan"
Thinking in Bets: Making Smarter Decisions When You Don't Have All the Facts,Annie Duke
Good to Great: Why Some Companies Make the Leap...And Others Don't,Jim Collins
Outliers: The Story of Success,Malcolm Gladwell
The Unselected Journals of Emma M. Lion: Vol. 2,Beth Brower
The Undoing Project: A Friendship that Changed Our Minds,Michael Lewis
The Unselected Journals of Emma M. Lion: Vol. 4,Beth Brower
The Unselected Journals of Emma M. Lion Vol. 7,Beth Brower
The Unselected Journals of Emma M. Lion: Vol. 1,Beth Brower
The Unselected Journals of Emma M. Lion Vol. 6,Beth Brower
The Unselected Journals of Emma M. Lion: Vol. 3,Beth Brower
The Unselected Journals of Emma M. Lion: Vol. 5,Beth Brower
The Unselected Journals of Emma M. Lion: Vol. 8,Beth Brower
Breath: The New Science of a Lost Art,James Nestor
Unreasonable Hospitality: The Remarkable Power of Giving People More than They Expect,Will Guidara
The Two Swords of Christ: Five Centuries of War Between Islam and the Warrior Monks of Christendom,Raymond Ibrahim
Day Trading Attention: How to Actually Build Brand and Sales in the New Social Media World,Gary Vaynerchuk
The War on the West,Douglas Murray
Paul: A Biography,N. T. Wright
"Angel: How to Invest in Technology Startups-Timeless Advice from an Angel Investor Who Turned $100,000 into $100,000,000",Jason Calacanis
"Granite Mountain: The Firsthand Account of a Tragic Wildfire, Its Lone Survivor, and the Firefighters Who Made the Ultimate Sacrifice","Brendan McDonough, Stephan Talty"
"Great by Choice: Uncertainty, Chaos, and Luck--Why Some Thrive Despite Them All","Jim Collins, Morten T. Hansen"
Talking to GOATs: The Moments You Remember and the Stories You Never Heard,Jim Gray
Ordinary Men: Reserve Police Battalion 101 and the Final Solution in Poland,Christopher R. Browning
"Blowing My Way to the Top: How to Break the Rules, Find Your Purpose, and Create the Life and Career You Deserve",Jen Atkin
"The Alter Ego Effect: Defeat the Enemy, Unlock Your Heroic Self, and Start Kicking Ass",Todd Herman
Incorruptible: Why Good Companies Go Bad... and How Great Companies Stay Great,Eric Ries
Harry Potter and the Deathly Hallows (Full-Cast Edition),J.K. Rowling
While Israel Slept: How Hamas Surprised the Most Powerful Military in the Middle East,"Yaakov Katz, Amir Bohbot"
Tribes: We Need You to Lead Us,Seth Godin
Harry Potter and the Half-Blood Prince (Full-Cast Edition),J.K. Rowling
Buried in the Sky: The Extraordinary Story of the Sherpa Climbers on K2's Deadliest Day,"Peter Zuckerman, Amanda Padoan"
The Presidents of the Church: Insights Into Their Lives and Teachings,Truman G. Madsen
Breakneck: China's Quest to Engineer the Future,Dan Wang
When It Doesn't Make Sense,John Bytheway
"The Innovator's Dilemma, with a New Foreword: When New Technologies Cause Great Firms to Fail","Clayton M. Christensen, Marc Benioff - foreword"
The Gray Choice: Lessons on My Journey from Big-Time Banking to the Big House (and Back),Shaun Hayes
Build: An Unorthodox Guide to Making Things Worth Making,Tony Fadell
The Mom Test: How to Talk to Customers & Learn If Your Business Is a Good Idea When Everyone Is Lying to You,Rob Fitzpatrick
The Idea Factory: Bell Labs and the Great Age of American Innovation,Jon Gertner
"A Random Walk Down Wall Street, 12th Edition: The Time Tested Strategy for Successful Investing",Burton G. Malkiel
Harry Potter and the Order of the Phoenix (Full-Cast Edition),J.K. Rowling
Runnin' Down a Dream: How to Thrive in a Career You Actually Love,Bill Gurley
"The Thinking Machine: Jensen Huang, Nvidia, and the World's Most Coveted Microchip",Stephen Witt
Secrets of the Millionaire Mind: Mastering the Inner Game of Wealth,T. Harv Eker
Harry Potter and the Goblet of Fire (Full-Cast Edition),J.K. Rowling
Harry Potter and the Prisoner of Azkaban (Full-Cast Edition),J.K. Rowling
Relentless: From Good to Great to Unstoppable,"Tim S. Grover, Shari Lesser Wenk"
"Tools of Titans: The Tactics, Routines, and Habits of Billionaires, Icons, and World-Class Performers",Tim Ferriss
The Book Thief,Markus Zusak
Harry Potter and the Chamber of Secrets (Full-Cast Edition),J.K. Rowling
The Happiest Man on Earth: The Beautiful Life of an Auschwitz Survivor,Eddie Jaku
The Unlikely Thru-Hiker: An Appalachian Trail Journey,Derick Lugo
Transformed: Moving to the Product Operating Model,Marty Cagan
"Empowered: Ordinary People, Extraordinary Products","Marty Cagan, Chris Jones"
"King of Capital: The Remarkable Rise, Fall, and Rise Again of Steve Schwarzman and Blackstone","John E. Morris, David Carey"
"Stop Letting Everything Affect You: How to Break Free from Overthinking, Emotional Chaos, and Self-Sabotage",Daniel Chidiac
"The Boys in the Light: An Extraordinary World War II Story of Survival, Faith, and Brotherhood",Nina Willner
The New Tycoons: Inside the Trillion Dollar Private Equity Industry That Owns Everything,Jason Kelly
"Behind the Startup: How Venture Capital Shapes Work, Innovation, and Inequality",Benjamin Shestakofsky
Harry Potter and the Sorcerer’s Stone (Full-Cast Edition),J.K. Rowling
The Founders: The Story of Paypal and the Entrepreneurs Who Shaped Silicon Valley,Jimmy Soni
Effortless: Make It Easier to Do What Matters Most,Greg McKeown
Sprint: How to Solve Big Problems and Test New Ideas in Just Five Days,"Jake Knapp, John Zeratsky, Braden Kowitz"
Barbarians at the Gate: The Fall of RJR Nabisco,"Bryan Burrough, John Helyar"
The Art of Spending Money: Simple Choices for a Richer Life,Morgan Housel
Big Dumb Eyes: Stories from a Simpler Mind,Nate Bargatze
Never Enough: From Barista to Billionaire,Andrew Wilkinson
The Warmth of Other Suns: The Epic Story of America's Great Migration,Isabel Wilkerson
Rich Dad Poor Dad: 20th Anniversary Edition: What the Rich Teach Their Kids About Money That the Poor and Middle Class Do Not!,Robert T. Kiyosaki
Breathe: A Life in Flow,"Rickson Gracie, Peter Maguire"
"The Gorgon's Fury: Tales of Newel and Doren, a Fablehaven Adventure, Book 1",Brandon Mull
The Order of Time,Carlo Rovelli
When Breath Becomes Air,"Paul Kalanithi, Lucy Kalanithi, Abraham Verghese - introduction"
Lost and Founder: A Painfully Honest Field Guide to the Startup World,Rand Fishkin
"Charlie Hustle: The Rise and Fall of Pete Rose, and the Last Glory Days of Baseball",Keith O'Brien
In the Hurricane's Eye: The Genius of George Washington and the Victory at Yorktown,Nathaniel Philbrick
The 5 Types of Wealth: A Transformative Guide to Design Your Dream Life,Sahil Bloom
A Little History of Economics,Niall Kishtainy
The Winter Fortress: The Epic Mission to Sabotage Hitler's Atomic Bomb,Neal Bascomb
Hackers: Heroes of the Computer Revolution: 25th Anniversary Edition,Steven Levy
The Jakarta Method: Washington's Anticommunist Crusade and the Mass Murder Program that Shaped Our World,Vincent Bevins
"The Ai-Driven Leader: Harnessing AI to Make Faster, Smarter Decisions",Geoff Woods
"The Simple Path to Wealth: Your Road Map to Financial Independence and a Rich, Free Life",JL Collins
The Let Them Theory: A Life-Changing Tool That Millions of People Can’t Stop Talking About,Mel Robbins
Ego Is the Enemy,Ryan Holiday
The Obstacle is the Way Expanded 10th Anniversary Edition: The Timeless Art of Turning Trials into Triumph,Ryan Holiday
To Rescue the Constitution: George Washington and the Fragile American Experiment,Bret Baier
Teaching with Power: Drawing Your Family and Others to Christ,Tad R. Callister
Discipline Is Destiny: The Power of Self-Control,Ryan Holiday
Another Way: Building Companies That Last…and Last…and Last,"Dave Whorton, Bo Burlingham - contributor"
The Science of Scaling: Grow Your Business Bigger and Faster Than You Think Possible,"Dr. Benjamin Hardy, Blake Erickson, Tony Robbins - introduction"
Indestructible: One Man's Rescue Mission That Changed the Course of WWII,John R Bruning
Pattern Breakers: Why Some Start-Ups Change the Future,"Mike Maples Jr, Peter Ziebelman"
"The Wide Wide Sea: Imperial Ambition, First Contact and the Fateful Final Voyage of Captain James Cook",Hampton Sides
Time Jumpers,Brandon Mull
A Case for the Book of Mormon,Tad R. Callister
Prophets See Around Corners,Sheri Dew
Holy Covenants: Living Our Sacred Temple Promises,Anthony Sweat
One by One,David A. Bednar
The Divine Gift of Forgiveness,Neil L. Andersen
Our Day Star Rising: Exploring the New Testament with Jeffrey R. Holland,Jeffrey R. Holland
Heart of the Matter,Russell M. Nelson
Tattoos on the Heart: The Power of Boundless Compassion,Gregory Boyle
"Seeking Allah, Finding Jesus: Third Edition with Bonus Content, New Reflections","Nabeel Qureshi, Lee Strobel - introduction"
Source Code: My Beginnings,Bill Gates
Company of One: Why Staying Small Is the Next Big Thing for Business,Paul Jarvis
"Careless People: A Cautionary Tale of Power, Greed, and Lost Idealism",Sarah Wynn-Williams
Everything Sad is Untrue: (a true story),Daniel Nayeri
Die With Zero: Getting All You Can from Your Money and Your Life,Bill Perkins
Let My People Go Surfing: The Education of a Reluctant Businessman - Including 10 More Years of Business Unusual,"Yvon Chouinard, Naomi Klein - introduction"
It Doesn't Have to Be Crazy at Work,"Jason Fried, David Heinemeier Hansson"
Rework,"Jason Fried, David Heinemeier Hansson"
"The Next Conversation: Argue Less, Talk More",Jefferson Fisher
In This Economy?: How Money & Markets Really Work,"Kyla Scanlon, Morgan Housel - introduction"
33 Strategies of War,Robert Greene
Abundance,"Ezra Klein, Derek Thompson"
The Nvidia Way: Jensen Huang and the Making of a Tech Giant,Tae Kim
Skunk Works: A Personal Memoir of My Years of Lockheed,"Ben R. Rich, Leo Janos"
Everything Is Tuberculosis: The History and Persistence of Our Deadliest Infection,John Green
The Adventures of Tom Sawyer,Mark Twain
Codename Nemo: The Hunt for a Nazi U-Boat and the Elusive Enigma Machine,Charles Lachman
Over the Edge of the World: Magellan's Terrifying Circumnavigation of the Globe,Laurence Bergreen
The Anthropocene Reviewed: Essays on a Human-Centered Planet,John Green
The Confident Mind: A Battle-Tested Guide to Unshakable Performance,Dr. Nate Zinsser
"The Last Slave Ship: The True Story of How Clotilda Was Found, Her Descendants, and an Extraordinary Reckoning",Ben Raines
Midnight in Chernobyl: The Story of the World's Greatest Nuclear Disaster,Adam Higginbotham
The Pearl Harbor Collection,"Gordon W. Prange, Donald M. Goldstein, Katherine V. Dillon"
The One With The Kiss Cam,Cindy Steel
The Martian,Andy Weir
Is God Disappointed in Me?: Removing Shame from a Gospel of Grace,Kurt Francom
Wind and Truth: Book Five of the Stormlight Archive,Brandon Sanderson
"Return of the Dragon Slayers: Dragonwatch, Book 5",Brandon Mull
"Champion of the Titan Games: Dragonwatch, Book 4",Brandon Mull
"Wrath of the Dragon King: Dragonwatch, Book 2",Brandon Mull
"Master of the Phantom Isle: Dragonwatch, Book 3",Brandon Mull
"Patton's Prayer: A True Story of Courage, Faith, and Victory in World War II",Alex Kershaw
"Stellarlune: Keeper of the Lost Cities, Book 9",Shannon Messenger
"Unlocked: Keeper of the Lost Cities, Book 8.5",Shannon Messenger
Legacy,Shannon Messenger
Flashback,Shannon Messenger
Nightfall,Shannon Messenger
Lodestar,Shannon Messenger
Neverseen,Shannon Messenger
Everblaze,Shannon Messenger
Exile,Shannon Messenger
Keeper of the Lost Cities,Shannon Messenger
The Royal Ranger: A New Beginning,John Flanagan
"Destiny of the Republic: A Tale of Madness, Medicine and the Murder of a President",Candice Millard
"Hellhound On His Trail: The Stalking of Martin Luther King, Jr. and the International Hunt for His Assassin",Hampton Sides
VC: An American History,Tom Nicholas
Michael Vey 10: The Colony,Richard Paul Evans
The History of the United States Navy,"Craig L. Symonds, The Great Courses"
In the Language of Adam: Reading Scripture Like the Book of Mormon's Visionary Men,D. John Butler
"Wonder Boy: Tony Hsieh, Zappos, and the Myth of Happiness in Silicon Valley","Angel Au-Yeung, David Jeans"
The Sorcerer of the North: Book Five,John Flanagan
The Emperor of Nihon-Ja: Book Ten,John Flanagan
Ranger's Apprentice: Halt's Peril: Book Nine,John Flanagan
The Kings of Clonmel,John Flanagan
The Siege of Macindaw: Book Six,John Flanagan
"The Battle for Skandia: Ranger's Apprentice, Book 4",John Flanagan
Erak's Ransom: Book Seven,John Flanagan
"Revenge of the Tipping Point: Overstories, Superspreaders, and the Rise of Social Engineering",Malcolm Gladwell
"The Tyrant's Tomb: The Trials of Apollo Series, Book 4",Rick Riordan
"The Burning Maze: The Trials of Apollo, Book 3",Rick Riordan
"The Dark Prophecy: The Trials of Apollo, Book 2",Rick Riordan
"The Trials of Apollo, Book One: The Hidden Oracle",Rick Riordan
"The Tower of Nero: The Trials of Apollo, Book 5",Rick Riordan
Scarcity Brain: Fix Your Craving Mindset and Rewire Your Habits to Thrive with Enough,Michael Easter
Factory for Good: The Pitfalls of Prosperity and How to Avoid Them,Alex Bean
Supercommunicators: How to Unlock the Secret Language of Connection,Charles Duhigg
Caste: The Origins of Our Discontents,Isabel Wilkerson
Percy Jackson and the Olympians: The Chalice of the Gods,Rick Riordan
"The Battle of the Labyrinth: Percy Jackson and the Olympians, Book 4",Rick Riordan
"The Last Olympian: Percy Jackson and the Olympians, Book 5",Rick Riordan
"The Titan's Curse: Percy Jackson and the Olympians, Book 3",Rick Riordan
"The Sea of Monsters: Percy Jackson and the Olympians, Book 2",Rick Riordan
"The Comfort Crisis: Embrace Discomfort to Reclaim Your Wild, Happy, Healthy Self",Michael Easter
"Fanatical Prospecting: The Ultimate Guide to Opening Sales Conversations and Filling the Pipeline by Leveraging Social Selling, Telephone, Email, Text, and Cold Calling","Jeb Blount, Mike Weinberg - foreword"
The Anxious Generation: How the Great Rewiring of Childhood Is Causing an Epidemic of Mental Illness,Jonathan Haidt
"Bastille vs. the Evil Librarians: Alcatraz Versus the Evil Librarians, Book 6","Brandon Sanderson, Janci Patterson"
"The Lightning Thief: Percy Jackson and the Olympians, Book 1",Rick Riordan
The Ruthless Elimination of Hurry: How to Stay Emotionally Healthy and Spiritually Alive in the Chaos of the Modern World,"John Mark Comer, John Ortberg - introduction"
The Vietnam War: An Intimate History,"Geoffrey C. Ward, Ken Burns"
Facing the Mountain: A True Story of Japanese American Heroes in World War II,Daniel James Brown
"Prisoners of the Castle: An Epic Story of Survival and Escape from Colditz, the Nazis' Fortress Prison",Ben Macintyre
Grant,Ron Chernow
Same as Ever: A Guide to What Never Changes,Morgan Housel
The Ultimate Sales Machine,Chet Holmes
White Fang,Jack London
Faking Christmas,Cindy Steel
Hidden Potential: The Science of Achieving Greater Things,Adam Grant
Infinity Blade: Awakening,Brandon Sanderson
Elantris: Tenth Anniversary Special Edition,Brandon Sanderson
Oath and Honor: A Memoir and a Warning,Liz Cheney
Les Miserables,Victor Hugo
Defiant,Brandon Sanderson
"Jab, Jab, Jab, Right Hook: How to Tell Your Story in a Noisy Social World",Gary Vaynerchuk
"The Fund: Ray Dalio, Bridgewater Associates, and the Unraveling of a Wall Street Legend",Rob Copeland
Kissinger: A Biography,Walter Isaacson
How To Be An F1 Driver: My Guide To Life In The Fast Lane,Jenson Button
It Worked for Me: In Life and Leadership,Colin Powell
The Almanack of Naval Ravikant: A Guide to Wealth and Happiness,"Eric Jorgenson, Tim Ferriss"
Romney: A Reckoning,McKay Coppins
Michael Vey 9: The Traitor,Richard Paul Evans
Enough,Cassidy Hutchinson
Number Go Up: Inside Crypto's Wild Rise and Staggering Fall,Zeke Faux
Killers of the Flower Moon: The Osage Murders and the Birth of the FBI,David Grann
"Nolyn: The Rise and Fall, Book 1",Michael J. Sullivan
Good Inside: A Guide to Becoming the Parent You Want to Be,Becky Kennedy
"Venture Deals, 4th Edition: Be Smarter than Your Lawyer and Venture Capitalist","Brad Feld, Jason Mendelson"
Elon Musk,Walter Isaacson
The Third Reich at War,Richard J. Evans
"Light Bringer: Red Rising, Book 6",Pierce Brown
Agent Sonya: Moscow's Most Daring Wartime Spy,Ben Macintyre
Code Talker: The First and Only Memoir By One of the Original Navajo Code Talkers of WWII,"Chester Nez, Judith Schiess Avila"
American Prometheus: The Triumph and Tragedy of J. Robert Oppenheimer,"Kai Bird, Martin J. Sherwin"
American Buffalo: In Search of a Lost Icon,Steven Rinella
My Money Journey: How 30 people found financial freedom – and you can too,Jonathan Clements
Spare,Prince Harry The Duke of Sussex
Sandworm: A New Era of Cyberwar and the Hunt for the Kremlin's Most Dangerous Hackers,Andy Greenberg
"Be Where Your Feet Are: Seven Principles to Keep You Present, Grounded, and Thriving",Scott O'Neil
Made to Stick: Why Some Ideas Survive and Others Die,"Chip Heath, Dan Heath"
The Messy Middle: Finding Your Way Through the Hardest and Most Crucial Part of Any Bold Venture,Scott Belsky
Dawnshard: Stormlight Archive,Brandon Sanderson
The Lost Metal: A Mistborn Novel,Brandon Sanderson
Michael Vey 8: The Parasite,Richard Paul Evans
The First 90 Days: Proven Strategies for Getting Up to Speed Faster and Smarter,Michael D. Watkins
The Whistler,John Grisham
The Judge's List: A Novel,John Grisham
Leonardo da Vinci,Walter Isaacson
"The Code Breaker: Jennifer Doudna, Gene Editing, and the Future of the Human Race",Walter Isaacson
The Power of Regret: How Looking Backward Moves Us Forward,Daniel H. Pink
Think Again: The Power of Knowing What You Don't Know,Adam Grant
"The Slow Regard of Silent Things: Kingkiller Chronicle, Book 2.5",Patrick Rothfuss
Revelations in Context: The Stories Behind the Sections of the Doctrine and Covenants,The Church of Jesus Christ of Latter-day Saints
The House of Morgan: An American Banking Dynasty and the Rise of Modern Finance,Ron Chernow
Sales Management. Simplified: The Straight Truth About Getting Exceptional Results from Your Sales Team,Mike Weinberg
The Third Reich in Power,Richard J. Evans
"Amp It Up: Leading for Hypergrowth by Raising Expectations, Increasing Urgency, and Elevating Intensity",Frank Slootman
The Little Book That Still Beats the Market,Joel Greenblatt
Every Tool's A Hammer: Life Is What You Make It,Adam Savage
"The Psychology of Money: Timeless Lessons on Wealth, Greed, and Happiness",Morgan Housel
Empire of Pain: The Secret History of the Sackler Dynasty,Patrick Radden Keefe
Backable: The Surprising Truth Behind What Makes People Take a Chance on You,Suneel Gupta
Built from Scratch: How a Couple of Regular Guys Grew The Home Depot from Nothing to $30 Billion,"Bernie Marcus, Arthur Blank, Bob Andelman"
Endgame: Bobby Fischer’s Remarkable Rise and Fall—from America’s Brightest Prodigy to the Edge of Madness,Frank Brady
Why Startups Fail: A New Roadmap for Entrepreneurial Success,Tom Eisenmann
Sherlock Holmes: The Definitive Collection,"Arthur Conan Doyle, Stephen Fry - introductions"
Crime and Punishment,"Fyodor Dostoevsky, Constance Garnett - translator"
My Grandmother Asked Me to Tell You She's Sorry: A Novel,Fredrik Backman
"David and Goliath: Underdogs, Misfits, and the Art of Battling Giants",Malcolm Gladwell
"Cytonic: Skyward, Book 3",Brandon Sanderson
How Not to Die: Discover the Foods Scientifically Proven to Prevent and Reverse Disease,"M.D. FACLM Michael Greger, Gene Stone"
Will,"Will Smith, Mark Manson"
Walden,Henry David Thoreau
Winning,Jack Welch
Why We Get Sick: The Hidden Epidemic at the Root of Most Chronic Disease - and How to Fight It,Benjamin Bikman PhD
The Contrarian: Peter Thiel and Silicon Valley's Pursuit of Power,Max Chafkin
Vanderbilt: The Rise and Fall of an American Dynasty,"Anderson Cooper, Katherine Howe"
Lux: A Texas Reckoners Novel,"Brandon Sanderson, Steven Michael Bohls"
Peril,"Bob Woodward, Robert Costa"
"Beginner's Mind: Words + Music, Vol. 13",Yo-Yo Ma
Project Hail Mary,Andy Weir
Range: Why Generalists Triumph in a Specialized World,David Epstein
"Richer, Wiser, Happier: How the World's Greatest Investors Win in Markets and Life",William Green
The Last Green Valley: A Novel,Mark Sullivan
Anxious People: A Novel,Fredrik Backman
"The Bomber Mafia: A Dream, a Temptation, and the Longest Night of the Second World War",Malcolm Gladwell
How I Built This: The Unexpected Paths to Success from the World's Most Inspiring Entrepreneurs,Guy Raz
Running with Sherman: The Donkey with the Heart of a Hero,Christopher McDougall
Liftoff: Elon Musk and the Desperate Early Days That Launched SpaceX,Eric Berger
Draft Animals: Living the Pro Cycling Dream (Once in a While),Phil Gaimon
Secretariat,William Nack
"The Only Plane in the Sky (Revised and Expanded Edition for the 25th Anniversary): An Oral History of September 11, 2001","Garrett M. Graff, Holter Graham"
The Lords of Strategy: The Secret Intellectual History of the New Corporate World,Walter Kiechel III
Amazon Unbound: Jeff Bezos and the Invention of a Global Empire,Brad Stone
"Fanatical Prospecting: The Ultimate Guide for Starting Sales Conversations and Filling the Pipeline by Leveraging Social Selling, Telephone, E-Mail, and Cold Calling",Jeb Blount
Inked: The Ultimate Guide to Powerful Closing and Negotiation Tactics that Unlock YES and Seal the Deal,Jeb Blount
Objections: The Ultimate Guide for Mastering The Art and Science of Getting Past No,"Jeb Blount, Mark Hunter - Foreword"
Sales EQ: How Ultra High Performers Leverage Sales-Specific Emotional Intelligence to Close the Complex Deal,Jeb Blount
Don Quixote,"Tobias Smollett - translator, Miguel de Cervantes"
"The Day the World Came to Town: 9/11 in Gander, Newfoundland",Jim DeFede
Warren Buffett's Ground Rules: Words of Wisdom from the Partnership Letters of the World's Greatest Investor,Jeremy C. Miller
Street Smarts: Adventures on the Road and in the Markets,Jim Rogers
The Misbehavior of Markets: A Fractal View of Financial Turbulence,"Benoit Mandelbrot, Richard L Hudson"
Jim Cramer's Real Money: Sane Investing in an Insane World,James J. Cramer
A Man Called Ove: A Novel,Fredrik Backman
High Growth Handbook,Elad Gil
Thicker than Water,Tyler Shultz
"Multipliers, Revised and Updated: How the Best Leaders Make Everyone Smarter",Liz Wiseman
That Will Never Work: The Birth of Netflix and the Amazing Life of an Idea,Marc Randolph
What You Do Is Who You Are: How to Create Your Business Culture,Ben Horowitz
Rhythm of War: Book Four of the Stormlight Archive,Brandon Sanderson
Age of Death,Michael J. Sullivan
Assisted: An Autobiography,John Stockton
"Billion Dollar Brand Club: How Dollar Shave Club, Warby Parker, and Other Disruptors Are Remaking What We Buy",Lawrence Ingrassia
The Chronicles of Narnia Complete Audio Collection,C. S. Lewis
Age of Empyre,Michael J. Sullivan
Deep Work: Rules for Focused Success in a Distracted World,Cal Newport
No Hero: The Evolution of a Navy SEAL,"Mark Owen, Kevin Maurer"
The Tales of Beedle the Bard: A Harry Potter Hogwarts Library Book,J.K. Rowling
The Ideal Team Player: How to Recognize and Cultivate the Three Essential Virtues: A Leadership Fable,Patrick M. Lencioni
"Break Shot: My First 21 Years: Words + Music, Vol. 2",James Taylor
The Ride of a Lifetime: Lessons Learned from 15 Years as CEO of the Walt Disney Company,Robert Iger
Just Mercy: A Story of Justice and Redemption,Bryan Stevenson
Gone With the Wind,Margaret Mitchell
Truman,David McCullough
Turn the Ship Around!: A True Story of Turning Followers into Leaders,L. David Marquet
The Go-Giver: A Little Story About a Powerful Business Idea,"Bob Burg, John Mann"
"Go Like Hell: Ford, Ferrari, and Their Battle for Speed and Glory at Le Mans",A. J. Baime
"Inspired: How to Create Tech Products Customers Love, Second Edition",Marty Cagan
Thunderhead: Arc of a Scythe,Neal Shusterman
Dark Age,Pierce Brown
Do Less: A Revolutionary Approach to Time and Energy Management for Ambitious Women,Kate Northrup
"Blowout: Corrupted Democracy, Rogue State Russia, and the Richest, Most Destructive Industry on Earth",Rachel Maddow
Reset Your Day Meditations: 12 audio-guided meditations,MoveWith
Apollo,"Charles Murray, Catherine Bly Cox"
The Toll,Neal Shusterman
Viva Durant and the Secret of the Silver Buttons,Ashli St. Armant
Atomic Habits: An Easy & Proven Way to Build Good Habits & Break Bad Ones,James Clear
Permanent Record,Edward Snowden
The Guardians: A Novel,John Grisham
Starsight,Brandon Sanderson
"The Phoenix Project: A Novel about IT, DevOps, and Helping Your Business Win 5th Anniversary Edition","Gene Kim, Kevin Behr, George Spafford"
Dad Is Fat,Jim Gaffigan
Leadership,Doris Kearns Goodwin
The Leader's Guide,Eric Ries
Rocket Men: The Daring Odyssey of Apollo 8 and the Astronauts Who Made Man's First Journey to the Moon,Robert Kurson
Spinning Silver: A Novel,Naomi Novik
The Mystwick School of Musicraft,Jessica Khoury
Before We Were Yours: A Novel,Lisa Wingate
Decisive: How to Make Better Choices in Life and Work,"Chip Heath, Dan Heath"
The Moment of Lift: How Empowering Women Changes the World,Melinda French Gates
"House of Assassins: Saga of the Forgotten Warrior, Book 2",Larry Correia
"Son of the Black Sword: Saga of the Forgotten Warrior, Book 1",Larry Correia
"For We Are Many: Bobiverse, Book 2",Dennis E. Taylor
"Billion Dollar Whale: The Man Who Fooled Wall Street, Hollywood, and the World","Bradley Hope, Tom Wright"
Talking to Strangers: What We Should Know about the People We Don't Know,Malcolm Gladwell
The Sun Does Shine: How I Found Life and Freedom on Death Row,"Anthony Ray Hinton, Lara Love Hardin, Bryan Stevenson - introduction"
Rivals! Frenemies Who Changed the World,Scott McCormick
Spaceman: An Astronaut's Unlikely Journey to Unlock the Secrets of the Universe,Mike Massimino
Benjamin Franklin: An American Life,Walter Isaacson
Jukebox Joyride,"Jacob Stein, Jason Rabinowitz, The Pop Ups"
Secrets of Sand Hill Road: Venture Capital and How to Get It,"Scott Kupor, Eric Ries - introduction"
Good Leaders Ask Great Questions: Your Foundation for Successful Leadership,John C. Maxwell
Raise Your Game: High-Performance Secrets from the Best of the Best,"Alan Stein Jr., Jon Sternfeld, Jay Bilas - introduction"
Michael Jordan: The Life,Roland Lazenby
What I Know For Sure,Oprah Winfrey
Scythe,Neal Shusterman
Skyward,Brandon Sanderson
Wish,Barbara O'Connor
Power Moves: Lessons from Davos,Adam Grant
Essentialism: The Disciplined Pursuit of Less,Greg McKeown
The Infinite Game,Simon Sinek
Riley Mack and the Other Known Troublemakers,Chris Grabenstein
"The Anatomy of Peace, Expanded Second Edition: Resolving the Heart of Conflict",the Arbinger Institute
Alone on the Wall,"Alex Honnold, David Roberts"
Radical Candor: Be a Kick-Ass Boss Without Losing Your Humanity,Kim Scott
Wishes and Wellingtons,Julie Berry
"Girl, Stop Apologizing (Audible Exclusive Edition): A Shame-Free Plan for Embracing and Achieving Your Goals",Rachel Hollis
The Dwarves,"Markus Heitz, Sally Ann Spencer - translator"
Sovereign,Jeff Hirsch
"Girl, Wash Your Face: Stop Believing the Lies About Who You Are So You Can Become Who You Were Meant to Be",Rachel Hollis
The Outward Mindset: Seeing Beyond Ourselves,The Arbinger Institute
Magic Tree House Collection: Books 1-8,Mary Pope Osborne
Becoming,Michelle Obama
Educated: A Memoir,Tara Westover
Algorithms to Live By: The Computer Science of Human Decisions,"Brian Christian, Tom Griffiths"
"Zero to One: Notes on Startups, or How to Build the Future","Peter Thiel, Blake Masters"
Age of Legend: Book Four of The Legends of the First Empire,Michael J. Sullivan
The Challenger Sale: Taking Control of the Customer Conversation,"Matthew Dixon, Brent Adamson"
"The Land: Founding: A LitRPG Saga: Chaos Seeds, Book 1",Aleron Kong
Warbreaker,Brandon Sanderson
"Age of War: The Legends of the First Empire, Book 3",Michael J. Sullivan
"Age of Swords: The Legends of the First Empire, Book 2",Michael J. Sullivan
Saints: The Story of the Church of Jesus Christ in the Latter Days: The Standard of Truth: 1815–1846,The Church of Jesus Christ of Latter-day Saints
Joseph Smith: Rough Stone Rolling,Richard Lyman Bushman
Edgedancer: From the Stormlight Archive,Brandon Sanderson
Never Split the Difference: Negotiating as if Your Life Depended on It,"Chris Voss, Tahl Raz"
Make It Stick: The Science of Successful Learning,"Peter C. Brown, Henry L. Roediger III, Mark A. McDaniel"
"Crucial Conversations: Tools for Talking When Stakes Are High, Second Edition",Kerry Patterson
American Sniper: The Autobiography of the Most Lethal Sniper in U.S. Military History,"Chris Kyle, Scott McEwen, Jim DeFelice"
Fearless: The Undaunted Courage and Ultimate Sacrifice of Navy SEAL Team SIX Operator Adam Brown,Eric Blehm
Einstein: His Life and Universe,Walter Isaacson
Blitzscaling: The Lightning-Fast Path to Building Massively Valuable Companies,"Reid Hoffman, Chris Yeh, Bill Gates - introduction"
Extreme Ownership: How U.S. Navy SEALs Lead and Win,"Jocko Willink, Leif Babin"
Intuitive Eating: A Revolutionary Program That Works,"Evelyn Tribole MS RD, Elyse Resch MS RD FADA CEDRD"
Protect and Defend: A Thriller,Vince Flynn
"The Sales Acceleration Formula: Using Data, Technology, and Inbound Selling to Go from $0 to $100 Million",Mark Roberge
Iron Gold,Pierce Brown
Jonathan Strange & Mr Norrell,Susanna Clarke
The Richest Man in Babylon,George S. Clason
"Measure What Matters: How Google, Bono, and the Gates Foundation Rock the World with OKRs","John Doerr, Larry Page - introduction"
American Kingpin: The Epic Hunt for the Criminal Mastermind Behind the Silk Road,Nick Bilton
Morning Star: Book III of the Red Rising Trilogy,Pierce Brown
Golden Son: Book II of the Red Rising Trilogy,Pierce Brown
Leadership & Self-Deception: Getting Out of the Box,the Arbinger Institute
Age of Myth: Book One of The Legends of the First Empire,Michael J. Sullivan
"Storm Front: The Dresden Files, Book 1",Jim Butcher
Principles: Life and Work,Ray Dalio
The Picture of Dorian Gray,Oscar Wilde
438 Days: An Extraordinary True Story of Survival at Sea,Jonathan Franklin
The Golem and the Jinni: A Novel,Helene Wecker
Brooklyn: A Novel,Colm Toibin
Anne of Green Gables,Lucy Maud Montgomery
Astrophysics for People in a Hurry,Neil deGrasse Tyson
The Finest Hours: The True Story of the US Coast Guard’s Most Daring Sea Rescue,"Michael J. Tougias, Casey Sherman"
The Death of the Banker: The Decline and Fall of the Great Financial Dynasties and the Triumph of the Small Investor,Ron Chernow
"The Willpower Instinct: How Self-Control Works, Why It Matters, and What You Can Do to Get More of It",Kelly McGonigal Ph.D.
Red Rising,Pierce Brown
1-2-3 Magic: Effective Discipline for Children 2-12 (6th edition),Thomas W. Phelan PhD
"Titan: The Life of John D. Rockefeller, Sr.",Ron Chernow
Alexander Hamilton,Ron Chernow
Origin: A Novel,Dan Brown
AWOL on the Appalachian Trail,David Miller
Michael Vey 7: The Final Spark,Richard Paul Evans
"10% Happier: How I Tamed the Voice in My Head, Reduced Stress Without Losing My Edge, and Found a Self-Help That Actually Works",Dan Harris
Shantaram: A Novel,Gregory David Roberts
United as One,Pittacus Lore
Murder on the Orient Express: A Hercule Poirot Mystery: The Official Authorized Edition,Agatha Christie
The Only Sales Guide You'll Ever Need,Anthony Iannarino
Beneath a Scarlet Sky: A Novel,Mark Sullivan
The Miracle Morning: The Not-So-Obvious Secret Guaranteed to Transform Your Life - Before 8AM,Hal Elrod
The Effective Executive: The Definitive Guide to Getting the Right Things Done,Peter F. Drucker
Oathbringer: Book Three of the Stormlight Archive,Brandon Sanderson
Think and Grow Rich,Napoleon Hill
"We Are Legion (We Are Bob): Bobiverse, Book 1",Dennis E. Taylor
Leaders Eat Last: Why Some Teams Pull Together and Others Don't,Simon Sinek
Barefoot to Billionaire: Reflections on a Life's Work and a Promise to Cure Cancer,Jon Huntsman
Dragonwatch,Brandon Mull
Snapshot,Brandon Sanderson
The Orphan Keeper,Camron Wright
Venture Deals: Be Smarter Than Your Lawyer and Venture Capitalist,"Jason Mendelson, Brad Feld"
The Short Drop: Gibson Vaughn,Matthew FitzSimmons
The Alchemist: A Fable About Following Your Dream,Paulo Coelho
"The Power of Broke: How Empty Pockets, a Tight Budget, and a Hunger for Success Can Become Your Greatest Competitive Advantage","Daymond John, Daniel Paisner"
"The Icebound Land: Ranger's Apprentice, Book 3",John Flanagan
"The Burning Bridge: Ranger's Apprentice, Book 2",John Flanagan
"The Ruins of Gorlan: Ranger's Apprentice, Book 1",John Flanagan
"Dawn of Wonder: The Wakening, Book 1",Jonathan Renshaw
Invisible Man: A Novel,Ralph Ellison
My Story,"Elizabeth Smart, Chris Stewart"
The Climb: The incredible memoir from the multiple Tour de France winner,Chris Froome
QB: My Life Behind the Spiral,"Steve Young, Jeff Benedict"
Death Weavers,Brandon Mull
The Day of the Jackal,Frederick Forsyth
"The Secret Race: Inside the Hidden World of the Tour de France: Doping, Cover-ups, and Winning at All Costs","Tyler Hamilton, Daniel Coyle"
All the Light We Cannot See: A Novel,Anthony Doerr
To Kill a Mockingbird,Harper Lee
The Dark Talent,Brandon Sanderson
The Fires of Heaven: Book Five of The Wheel of Time,Robert Jordan
Arcanum Unbounded: The Cosmere Collection,Brandon Sanderson
The Shattered Lens,Brandon Sanderson
American Assassin,Vince Flynn
The Snowball: Warren Buffett and the Business of Life,Alice Schroeder
The Virgin Way: Everything I Know about Leadership,Richard Branson
"The Wise Man's Fear: Kingkiller Chronicle, Book 2",Patrick Rothfuss
"The Knights of Crystallia: Alcatraz, Book 3",Brandon Sanderson
"The Scrivener's Bones: Alcatraz, Book 2",Brandon Sanderson
Alcatraz versus the Evil Librarians,Brandon Sanderson
The Duggars: 20 and Counting!: Raising One of America's Largest Families - How They Do It,"Michelle Duggar, Jim Bob Duggar"
The Magnolia Story,"Chip Gaines, Joanna Gaines, Mark Dagostino"
The Highwayman: A Longmire Story,Craig Johnson
Battlefield Earth: Post-Apocalyptic Sci-Fi and New York Times Bestseller,L. Ron Hubbard
"Creativity, Inc.: Overcoming the Unseen Forces That Stand in the Way of True Inspiration","Ed Catmull, Amy Wallace"
"The Innovators: How a Group of Hackers, Geniuses, and Geeks Created the Digital Revolution",Walter Isaacson
Shoe Dog: A Memoir by the Creator of Nike,Phil Knight
Michael Vey 6: Fall of Hades,Richard Paul Evans
Competing Against Luck: The Story of Innovation and Customer Choice,"Clayton M. Christensen, Taddy Hall, Karen Dillon, David S. Duncan"
Crossing the Chasm: Marketing and Selling Technology Projects to Mainstream Customers,Geoffrey A. Moore
Start with Why: How Great Leaders Inspire Everyone to Take Action,Simon Sinek
"Bunker Hill: A City, a Siege, a Revolution",Nathaniel Philbrick
The Marshmallow Test: Mastering Self-Control,Walter Mischel
The Halo Effect: ...and the 8 Other Business Delusions That Deceive Managers,Phil Rosenzweig
The Last Kingdom,Bernard Cornwell
"The False Prince (The Ascendance Series, Book 1)",Jennifer A. Nielsen
Patriot Games,Tom Clancy
"Calamity: The Reckoners, Book 3",Brandon Sanderson
Man's Search for Meaning: An Introduction to Logotherapy,Viktor E. Frankl
When to Rob a Bank: ...And 131 More Warped Suggestions and Well-Intended Rants,"Steven D. Levitt, Stephen J. Dubner"
The Bands of Mourning: A Mistborn Novel,Brandon Sanderson
"Harry Potter and the Deathly Hallows, Book 7",J.K. Rowling
"Harry Potter and the Goblet of Fire, Book 4",J.K. Rowling
"Harry Potter and the Half-Blood Prince, Book 6",J.K. Rowling
"Harry Potter and the Order of the Phoenix, Book 5",J.K. Rowling
"Harry Potter and the Prisoner of Azkaban, Book 3",J.K. Rowling
"Harry Potter and the Chamber of Secrets, Book 2",J.K. Rowling
"Harry Potter and the Sorcerer's Stone, Book 1",J.K. Rowling
The Wright Brothers,David McCullough
The Auschwitz Escape,Joel C. Rosenberg
"Slathbog's Gold: Adventurers Wanted, Book 1",M. L. Forman
"Albrek's Tomb: Adventurers Wanted, Book 3",M. L. Forman
"The Horn of Moran: Adventurers Wanted, Book 2",M. L. Forman
Only Time Will Tell,Jeffrey Archer
Black Earth: The Holocaust as History and Warning,Timothy Snyder
Target Tokyo: Jimmy Doolittle and the Raid That Avenged Pearl Harbor,James M. Scott
"The Compound Effect: Jumpstart Your Income, Your Life, Your Success",Darren Hardy
The Five Elements of Effective Thinking,"Edward B. Burger, Michael Starbird"
The Power of Habit: Why We Do What We Do in Life and Business,Charles Duhigg
The Alloy of Law: A Mistborn Novel,Brandon Sanderson
A Short History of Nearly Everything: 2.0,Bill Bryson
The Entrepreneur Roller Coaster: Why Now Is the Time to #jointheride,Darren Hardy
The Jungle,Upton Sinclair
"Red Notice: A True Story of High Finance, Murder and One Man's Fight for Justice",Bill Browder
"Waterloo: The History of Four Days, Three Armies, and Three Battles",Bernard Cornwell
Predictably Irrational: The Hidden Forces That Shape Our Decisions,Dan Ariely
Shadows of Self: A Mistborn Novel,Brandon Sanderson
The Fate of Ten,Pittacus Lore
"Pitch Anything: An Innovative Method for Presenting, Persuading, and Winning the Deal",Oren Klaff
Michael Vey 5: Storm of Lightning,Richard Paul Evans
"The Crimson Campaign: The Powder Mage Trilogy, Book 2",Brian McClellan
Promise of Blood,Brian McClellan
The Autumn Republic,Brian McClellan
Duty: Memoirs of a Secretary at War,Robert M. Gates
Endurance: Shackleton's Incredible Voyage,Alfred Lansing
Jurassic Park: A Novel,Michael Crichton
The Entrepreneur's Toolkit,"Michael Goldsby, The Great Courses"
How the Stock Market Works,"Ramon P. DeGennaro, The Great Courses"
Cultural Literacy for Religion: Everything the Well-Educated Person Should Know,"Mark Berkson, The Great Courses"
"Einstein's Relativity and the Quantum Revolution: Modern Physics for Non-Scientists, 2nd Edition","Richard Wolfson, The Great Courses"
A Time to Kill / The King of Torts,John Grisham
The Summons & The Brethren,John Grisham
Crystal Keepers,Brandon Mull
The Great Escape,Paul Brickhill
Shark Tank Jump Start Your Business: How to Launch and Grow a Business from Concept to Cash,"Michael Parrish DuDell, Mark Cuban, Barbara Corcoran, Lori Greiner, Robert Herjavec, Daymond John, Kevin O'Leary"
The Time Machine,H. G. Wells
The Cider House Rules,John Irving
In Cold Blood,Truman Capote
Long Walk to Freedom: The Autobiography of Nelson Mandela,"Nelson Mandela, Sharon Gelman"
Into the Wild,Jon Krakauer
The Two Towers: Book Two in the Lord of the Rings Trilogy,J. R. R. Tolkien
The Return of the King: Book Three in the Lord of the Rings Trilogy,J. R. R. Tolkien
"Firefight: The Reckoners, Book 2",Brandon Sanderson
How Google Works,"Eric Schmidt, Jonathan Rosenberg, Alan Eagle"
The Final Empire: Mistborn Book 1,Brandon Sanderson
The Well of Ascension: Book Two of Mistborn,Brandon Sanderson
The Hero of Ages: Book Three of Mistborn,Brandon Sanderson
The Snow Queen,Hans Christian Andersen
Michael Vey 4,Richard Paul Evans
Rogue Knight,Brandon Mull
Sky Raiders,Brandon Mull
The Hard Thing About Hard Things: Building a Business When There Are No Easy Answers,Ben Horowitz
Legion: Skin Deep,Brandon Sanderson
The Lean Startup: How Today's Entrepreneurs Use Continuous Innovation to Create Radically Successful Businesses,Eric Ries
FREE: Mitosis: A Reckoners Story,Brandon Sanderson
Words of Radiance: Book Two of the Stormlight Archive,Brandon Sanderson
The Way of Kings: Book One of the Stormlight Archive,Brandon Sanderson
Eat and Run: My Unlikely Journey to Ultramarathon Greatness,"Scott Jurek, Steve Friedman"
Escape from Camp 14: One Man’s Remarkable Odyssey from North Korea to Freedom in the West,Blaine Harden
"The Memory of Earth: Homecoming, Volume 1",Orson Scott Card
The Revenge of Seven,Pittacus Lore
Michael Vey: The Prisoner of Cell 25,Richard Paul Evans
Michael Vey 3,Richard Paul Evans
Michael Vey 2: Rise of the Elgen,Richard Paul Evans
I Am Number Four,Pittacus Lore
The Testament: A Novel,John Grisham
Cycle of Lies: The Fall of Lance Armstrong,Juliet Macur
Tom Clancy Presents: Act of Valor,"Dick Couch, George Galdorisi"
"The Beekeeper's Apprentice, or On the Segregation of the Queen",Laurie R. King
"The Crown Tower: The Riyria Chronicles, Book 1",Michael J. Sullivan
The Lincoln Lawyer,Michael Connelly
The Sports Gene: Inside the Science of Extraordinary Athletic Performance,David Epstein
An Autobiography: The Story of My Experiments with Truth,Mohandas - Mahatma K. Gandhi
"The Fall of Five: Lorien Legacies, Book 4",Pittacus Lore
"Fablehaven, Book 1",Brandon Mull
The Cricket on the Hearth,Charles Dickens
"Keys to the Demon Prison: Fablehaven, Book 5",Brandon Mull
"Fablehaven, Book 4: Secrets of the Dragon Sanctuary",Brandon Mull
"Fablehaven, Book 3: The Grip of the Shadow Plague",Brandon Mull
"The Candy Shop War, Book 2: Arcade Catastrophe",Brandon Mull
Enchantment,Orson Scott Card
"Blood Work: Terry McCaleb, Book 1",Michael Connelly
True Grit,Charles Portis
"Steelheart: The Reckoners, Book 1",Brandon Sanderson
"Wool: Silo, #1; Wool, #1-5",Hugh Howey
"The Merchant of Death: Pendragon, Book 1",D. J. MacHale
"Swarm: Star Force, Book 1",B. V. Larson
"The Gate Thief: Mithermages, Book 2",Orson Scott Card
Suspect,Robert Crais
"The Lost Gate: Mithermages, Book 1",Orson Scott Card
The FREE Prologue & 5-Chapter Sampler of Steelheart,Brandon Sanderson
"The Black Echo: Harry Bosch Series, Book 1",Michael Connelly
The Candy Shop War,Brandon Mull
"Fablehaven, Book 2: Rise of the Evening Star",Brandon Mull
One Man's Initiation,John Dos Passos
Ender's Shadow,Orson Scott Card
Grimm's Fairy Stories,"The Brothers Grimm, Margaret Hunt - translator"
The Legends of King Arthur and His Knights,James Knowles
Ben-Hur: A Tale of the Christ,Lew Wallace
The Invisible Man,H. G. Wells
The Red Badge of Courage,Stephen Crane
The Phantom of the Opera,Gastón Leroux
The Call of the Wild,Jack London
The Last of the Mohicans,James Fenimore Cooper
Great Expectations,Charles Dickens
The Great Gatsby,F. Scott Fitzgerald
Chasing the Prophecy,Brandon Mull
Pride and Prejudice,Jane Austen
The Fountainhead,Ayn Rand
The Power of One,Bryce Courtenay
The Fellowship of the Ring: Book One in The Lord of the Rings Trilogy,J. R. R. Tolkien
"Theft of Swords: Riyria Revelations, Volume 1",Michael J. Sullivan
"Relic: Pendergast, Book 1","Douglas Preston, Lincoln Child"
Team of Rivals: The Political Genius of Abraham Lincoln,Doris Kearns Goodwin
"Unbroken: A World War II Story of Survival, Resilience, and Redemption",Laura Hillenbrand
John Adams,David McCullough
Dune Messiah: Book Two in the Dune Chronicles,Frank Herbert
Children of Dune: Book Three in the Dune Chronicles,Frank Herbert
Killing Kennedy: The End of Camelot,"Bill O'Reilly, Martin Dugard"
Legion,Brandon Sanderson
The Adventure of the Blue Carbuncle,Arthur Conan Doyle
Listening Is an Act of Love: A Celebration of American Life from the StoryCorps Project,Dave Isay
Split Second,David Baldacci
The Charm School,Nelson DeMille
"The Tombs: A Fargo Adventure, Book 4","Clive Cussler, Thomas Perry"
No Easy Day: The Firsthand Account of the Mission That Killed Osama Bin Laden,"Mark Owen, Kevin Maurer"
The Rise of Nine,Pittacus Lore
Seeds of Rebellion,Brandon Mull
Ivanhoe,Walter Scott
All the King's Men,Robert Penn Warren
The House of Mirth,Edith Wharton
A Princess of Mars,Edgar Rice Burroughs
Moll Flanders,Daniel Defoe
Vanity Fair,William Makepeace Thackeray
Treasure Island,Robert Louis Stevenson
The Wind in the Willows,Kenneth Grahame
The Mysterious Affair at Styles,Agatha Christie
The Wonderful Wizard of Oz,L. Frank Baum
Uncle Tom's Cabin,Harriet Beecher Stowe
Gulliver's Travels: A Signature Performance by David Hyde Pierce,Jonathan Swift
Heart of Darkness: A Signature Performance by Kenneth Branagh,Joseph Conrad
Jane Eyre [Brilliance Edition],Charlotte Brontë
Dracula,Bram Stoker
The Sign of Four,Arthur Conan Doyle
Little Women,Louisa May Alcott
The Moonstone [Tantor Audio Edition],Wilkie Collins
Adventures of Huckleberry Finn: A Signature Performance by Elijah Wood,Mark Twain
Wuthering Heights,Emily Brontë
"Frankenstein, or The Modern Prometheus",Mary Wollstonecraft Shelley
David Copperfield,Charles Dickens
Moby-Dick,Herman Melville
Alice's Adventures in Wonderland,Lewis Carroll
Black Beauty,Anna Sewell
The Three Musketeers,Alexandre Dumas
A Tale of Two Cities [Tantor],Charles Dickens
"Lost in Shangri-La: A True Story of Survival, Adventure, and the Most Incredible Rescue Mission of World War II",Mitchell Zuckoff
"Delivering Happiness: A Path to Profits, Passion, and Purpose",Tony Hsieh
The Man in the Iron Mask,Alexandre Dumas
"Game Change: Obama and the Clintons, McCain and Palin, and the Race of a Lifetime","John Heilemann, Mark Halperin"
Against All Enemies,"Tom Clancy, Peter Telep"
The Good Earth,Pearl S. Buck
Spartan Gold,"Clive Cussler, Grant Blackwood"
"Crocodile on the Sandbank: The Amelia Peabody Series, Book 1",Elizabeth Peters
Dominion,C. S. Friedman
The Spy,"Clive Cussler, Justin Scott"
The Chase,Clive Cussler
The Wrecker,"Clive Cussler, Justin Scott"
Devil's Gate,"Clive Cussler, Graham Brown"
Les Misérables: Translated by Julie Rose,"Victor Hugo, Julie Rose - translator"
A World Without Heroes,Brandon Mull
The Art of Intelligence,Henry A. Crumpton
The Rook: A Novel,Daniel O'Malley
"The Tehran Initiative: The Twelfth Imam, Book 2",Joel C. Rosenberg
Ghost in the Wires: My Adventures as the World’s Most Wanted Hacker,Kevin Mitnick
A Discovery of Witches: A Novel,Deborah Harkness
Postwar: A History of Europe Since 1945,Tony Judt
Washington: A Life,Ron Chernow
Catch Me If You Can: The True Story of a Real Fake,Frank W. Abagnale
The Storm of War: A New History of the Second World War,Andrew Roberts
Washington's Crossing,David Hackett Fischer
The Modern Scholar: The Anglo-Saxon World,Prof. Michael D. C. Drout
The Rise and Fall of the Third Reich: A History of Nazi Germany,William L. Shirer
Watership Down,Richard Adams
The Count of Monte Cristo,Alexandre Dumas
Atlas Shrugged,Ayn Rand
The Caine Mutiny,Herman Wouk
Roots: The Saga of an American Family,Alex Haley
Dune: Book One in the Dune Chronicles,Frank Herbert
How Will You Measure Your Life?,"Clayton M. Christensen, James Allworth, Karen Dillon"
The Power of Six,Pittacus Lore
"Peter and the Sword of Mercy: The Starcatchers, Book 4","Dave Barry, Ridley Pearson"
The Race,"Clive Cussler, Justin Scott"
The Kingdom: A Fargo Adventure,"Clive Cussler, Grant Blackwood"
"The Way of Shadows: Night Angel Trilogy, Book 1",Brent Weeks
Crescent Dawn: A Dirk Pitt Novel,"Clive Cussler, Dirk Cussler"
The Coming of the Third Reich,Richard J. Evans
The Pixar Touch: The Making of a Company,David A. Price
"Wizard's First Rule: Sword of Truth, Book 1",Terry Goodkind
"Maphead: Charting the Wide, Weird World of Geography Wonks",Ken Jennings
"Pathfinder: Pathfinder, Book 1",Orson Scott Card
Killing Floor,Lee Child
Transfer of Power: Mitch Rapp Series,Vince Flynn
"Dragonsong: Harper Hall Trilogy, Volume 1",Anne McCaffrey
"The Complete Stories of Sherlock Holmes, Volume 1",Arthur Conan Doyle
The Camel Club,David Baldacci
"The Name of the Wind: Kingkiller Chronicle, Book 1",Patrick Rothfuss
All Quiet on the Western Front,Erich Maria Remarque
Ender's Game,Orson Scott Card
Rocket Men: The Epic Story of the First Men on the Moon,Craig Nelson
With Morning Comes Mistfall: Free Story,George R.R. Martin
Steve Jobs,Walter Isaacson
Killing Lincoln: The Shocking Assassination that Changed America Forever,"Bill O'Reilly, Martin Dugard"
On Becoming Babywise: Giving Your Infant the Gift of Nighttime Sleep,Gary Ezzo
The Last Patriot,Brad Thor
"Mockingjay (The Hunger Games, Book Three)",Suzanne Collins
The Overton Window,Glenn Beck
The Shack,Wm. Paul Young
Elantris,Brandon Sanderson
The Dragon Reborn: Book Three of The Wheel of Time,Robert Jordan
The Thirteenth Tale: A Novel,Diane Setterfield
The Horse Boy: A Father's Quest to Heal His Son,Rupert Isaacson
Absolute Power,David Baldacci
The Looming Tower: Al-Qaeda and the Road to 9/11,Lawrence Wright
The Revolution: A Manifesto,Ron Paul
When the Game Was Ours,"Earvin ""Magic"" Johnson, Jackie MacMullan, Larry Bird"
Where Men Win Glory: The Odyssey of Pat Tillman,Jon Krakauer
The Shadow Rising: Book Four of The Wheel of Time,Robert Jordan
The Eye of the World: Book One of The Wheel of Time,Robert Jordan
A Christmas Carol: A Signature Performance by Tim Curry,Charles Dickens
Once a Runner,John L. Parker Jr.
Fast Food Nation: The Dark Side of the All-American Meal,Eric Schlosser
The Physick Book of Deliverance Dane,Katherine Howe
Searching for Schindler,Thomas Keneally
The Great Hunt: Book Two of The Wheel Of Time,Robert Jordan
Open: An Autobiography,Andre Agassi
The Forgotten 500,Gregory A. Freeman
Blackwater: The Rise of the World’s Most Powerful Mercenary Army,Jeremy Scahill
No Shortcuts to the Top: Climbing the World's 14 Highest Peaks,"Ed Viesturs, David Roberts"
"Joker One: A Marine Platoon's Story of Courage, Leadership, and Brotherhood",Donovan Campbell
Gettysburg: A Novel of the Civil War,"Newt Gingrich, William R. Forstchen, Albert S. Hanser - Editor"
"Armageddon's Children: The Genesis of Shannara, Book 1",Terry Brooks
An Inconvenient Book: Real Solutions to the World's Biggest Problems,Glenn Beck
"Catching Fire (Hunger Games, Book Two)",Suzanne Collins
"Inside the Jihad: My Life With Al Qaeda, A Spy's Story",Omar Nasiri
The City of Ember: The First Book of Ember,Jeanne DuPrau
The Unforgiving Minute: A Soldier's Education,Craig Mullaney
The Lost Symbol,Dan Brown
Louis L'Amour Collection,Louis L'Amour
Every Second Counts,"Lance Armstrong, Sally Jenkins"
Creating a World Without Poverty: How Social Business Can Transform Our Lives,Muhammad Yunus
"Peter and the Shadow Thieves: The Starcatchers, Book 2","Dave Barry, Ridley Pearson"
"The Hunger Games (The Hunger Games, Book One)",Suzanne Collins
The Chamber: A Novel,John Grisham
FREE: The Future of a Radical Price,Chris Anderson
"Peter and the Secret of Rundoon: The Starcatchers, Book 3","Dave Barry, Ridley Pearson"
The Black Swan: The Impact of the Highly Improbable,Nassim Nicholas Taleb
"Peter and the Starcatchers: The Starcatchers, Book 1","Dave Barry, Ridley Pearson"
Three Cups of Tea: One Man's Mission to Fight Terrorism and Build Nations,"Greg Mortenson, David Oliver Relin"
Blink: The Power of Thinking Without Thinking,Malcolm Gladwell
"Across the Nightingale Floor: Tales of the Otori, Book One",Lian Hearn
Around the World in 80 Days,Jules Verne
1776,David McCullough
The Kite Runner,Khaled Hosseini
Justice Antonin Scalia Speech on Constitutional Interpretation (03/14/05),Antonin Scalia
The Spirit of Enterprise,George Gilder
"My FBI: Bringing Down the Mafia, Investigating Bill Clinton, and Fighting the War on Terror",Louis J. Freeh
The Associate: A Novel,John Grisham
First Family,David Baldacci
Life of Pi,Yann Martel
"The Pirate Coast: Thomas Jefferson, The First Marines, and the Secret Mission of 1805",Richard Zacks
Forbes Greatest Technology Stories: Inspiring Tales of Entrepreneurs and Inventors,Jeffrey Young
Forbes' Greatest Investing Stories,Richard Phalon
All You Want to Know: The United States Constitution,Walter Cronkite
Serpent on the Crown,Elizabeth Peters
Churchill,Roy Jenkins
The Da Vinci Code: A Novel,Dan Brown
Four Blind Mice,James Patterson
Eboys: The First Inside Account of Venture Capitalists at Work,Randall E. Stross
